PLAT,LotCoverage
-,16.2
15098,21.5
C00033,104.3
C00040,51.5
C00046,68.5
C00048,79.9
C00052,69.7
C00060,60.9
C00068,97.5
C00073,74.9
C00078,70.1
C00079,101.4
C00080,16.2
C00085,96.3
C00098,98.8
C00105,98.1
C00109,102.3
C00115,70.3
C00118,93.2
C00125,98.3
C00131,102.1
C00138,102.4
C00145,102.0
C00151,97.0
C00154,99.0
C00156,59.5
C00157,97.0
C00170,102.2
C00196,71.2
C00214,97.3
C00233,97.0
C00247,98.7
C00250,13.0
C00262,100.7
C00292,98.4
C00301,17.3
C00319,37.0
C00331,59.5
C00340,22.8
C00372,17.3
C00381,91.1
C00384,63.6
C00408,98.4
C00420,37.1
C00427,69.2
C00447,68.9
C00451,26.7
C00454,17.9
C00463,107.0
C00465,100.8
C00476,103.3
C00495,102.8
C00499,102.3
C00504,102.0
C00507,142.9
C00508,124.5
C00521,82.7
C00580,133.3
C00586,167.1
C00592,123.2
C00594,235.1
C00596,223.5
C00598,18.1
C00599,229.6
C00602,223.5
C00808,25.5
C00858,16.8
C00950,18.9
C00983,5.7
C02148,34.8
C02822,49.6
C02913,48.9
C03034,49.7
C03069,76.8
C03321,71.3
C03501,73.1
C03931,56.7
C03948,87.5
C04270,49.9
C04375,101.5
C04460,89.5
C04561,78.4
C04957,98.8
C05066,53.3
C05153,97.3
C05337,55.3
C05405,91.2
C05430,25.1
C05552,55.0
C05618,28.8
C05619,132.9
C05701,97.9
C05759,69.7
C05800,78.7
C05801,69.3
C05812,68.5
C05844,34.5
C06003,96.3
C06011,61.0
C06049,63.8
C06052,28.9
C06111,82.6
C06149,79.2
C06165,97.4
C06204,27.3
C06245,78.2
C06265,41.7
C06292,63.5
C06293,63.5
C06354,24.8
C06363,64.9
C06391,111.1
C06427,68.0
C06476,98.6
C06485,108.0
C06515,40.9
C06555,98.9
C06574,35.6
C06579,58.8
C06615,75.0
C06620,45.5
C06632,56.9
C06723,110.2
C06727,79.3
C06749,96.6
C06791,71.0
C06792,83.5
C06793,63.7
C06808,60.3
C06829,28.6
C06882,39.6
C06944,44.9
C07075,146.6
C07076,86.3
C07178,83.3
C07265,91.5
C07302,86.1
C07305,74.2
C07308,133.9
C07309,151.4
C07321,20.0
C07362,60.2
C07455,24.2
C07498,81.0
C07545,155.6
C07556,68.3
C07628,80.8
C07698,86.0
C07746,49.9
C07782,78.1
C07783,77.7
C07787,80.8
C07881,55.6
C07951,57.1
C08118,78.4
C08671,58.3
C08980,45.4
C09187,78.1
C09246,94.9
C09277,65.2
C09349,162.3
C09359,80.5
C09444,80.6
C09461,92.5
C09567,93.8
C09580,97.0
C09653,81.5
C09686,46.9
C09888,114.7
C09950,81.3
C10072,80.0
C10127,85.9
C10243,79.3
C10421,147.4
C10549,29.2
C10832,47.7
C11057,99.2
C11099,95.2
C11186,99.0
C11302,84.8
C11449,36.3
N/A,26.4
R00001,24.0
R00002,17.7
R00004,25.1
R00005,18.7
R00008,24.9
R00009,24.8
R00010,21.1
R00011,21.4
R00013,21.4
R00014,25.6
R00015,22.1
R00016,22.3
R00017,16.8
R00018,22.7
R00019,35.0
R00020,14.1
R00021,26.5
R00024,19.7
R00025,21.3
R00026,18.7
R00027,65.4
R00028,18.3
R00029,20.4
R00030,25.9
R00031,20.6
R00032,21.7
R00035,17.2
R00040,23.5
R00041,21.4
R00043,23.7
R00044,23.7
R00046,23.2
R00047,17.0
R00050,23.1
R00052,23.9
R00053,20.6
R00054,29.8
R00055,24.2
R00057,22.7
R00065,26.2
R00066,15.1
R00067,21.1
R00068,20.0
R00071,23.6
R00072,25.4
R00074,23.2
R00079,26.5
R00082,18.0
R00085,27.0
R00086,14.8
R00088,15.2
R00092,18.9
R00093,24.0
R00094,15.1
R00096,9.4
R00097,18.2
R00099,21.2
R00100,25.8
R00101,26.6
R00102,28.2
R00104,19.1
R00106,21.9
R00108,19.4
R00111,17.5
R00112,15.7
R00113,17.3
R00118,20.2
R00121,25.7
R00123,25.9
R00124,22.8
R00125,24.1
R00127,28.3
R00128,15.3
R00129,15.3
R00130,25.8
R00131,20.3
R00134,21.6
R00135,23.8
R00137,19.4
R00140,21.5
R00143,19.1
R00144,21.8
R00145,23.9
R00146,24.2
R00147,33.9
R00148,9.6
R00149,22.0
R00150,21.4
R00151,24.3
R00152,11.2
R00156,17.2
R00158,29.6
R00159,22.9
R00161,33.2
R00163,15.9
R00164,26.4
R00166,17.8
R00167,18.9
R00168,21.0
R00169,11.3
R00173,23.2
R00176,12.4
R00177,26.4
R00178,17.7
R00181,22.6
R00185,17.6
R00186,19.8
R00190,27.6
R00192,23.3
R00194,27.0
R00199,22.1
R00215,23.2
R00216,15.2
R00217,23.9
R00218,19.3
R00219,17.8
R00220,21.2
R00221,18.1
R00223,18.7
R00225,20.0
R00228,21.2
R00229,20.0
R00230,25.8
R00231,16.7
R00235,20.1
R00236,33.3
R00238,21.9
R00239,26.8
R00240,18.6
R00244,20.8
R00245,18.9
R00246,24.8
R00249,15.0
R00259,22.9
R00260,25.4
R00262,56.3
R00263,24.1
R00264,20.3
R00265,6.0
R00267,16.2
R00268,25.9
R00270,29.8
R00336,13.6
R00343,14.8
R00350,19.7
R00353,15.3
R00356,18.9
R00365,15.9
R00384,25.3
R00391,19.5
R00395,6.1
R00402,15.4
R00403,14.7
R00404,23.5
R00406,16.1
R00407,17.7
R00408,22.2
R00409,20.9
R00411,22.4
R00412,25.8
R00413,18.8
R00414,18.9
R00419,19.8
R00420,33.3
R00421,10.7
R00422,23.2
R00429,17.1
R00430,21.0
R00432,19.4
R00434,21.4
R00436,22.9
R00438,21.9
R00440,26.1
R00443,18.7
R00444,15.2
R00447,17.2
R00448,17.3
R00449,17.4
R00450,24.1
R00452,22.8
R00453,23.5
R00456,18.3
R00457,17.5
R00458,23.2
R00459,23.4
R00461,14.4
R00464,23.1
R00468,20.4
R00470,25.5
R00471,19.4
R00474,24.2
R00475,16.4
R00476,16.5
R00479,23.7
R00480,20.1
R00482,24.2
R00491,23.9
R00492,29.1
R00493,16.1
R00494,21.3
R00497,25.0
R00498,25.0
R00499,25.9
R00501,12.1
R00504,22.3
R00508,23.1
R00509,16.2
R00511,17.5
R00512,11.7
R00513,24.6
R00514,14.0
R00515,21.2
R00518,18.3
R00526,17.5
R00529,23.7
R00535,19.1
R00536,21.7
R00547,12.6
R00551,25.7
R00553,26.5
R00562,20.3
R00563,7.8
R00568,24.3
R00570,24.0
R00573,19.6
R00575,15.8
R00579,29.1
R00581,20.4
R00582,24.8
R00588,19.7
R00589,17.0
R00590,16.3
R00593,27.2
R00594,20.7
R00609,14.3
R00611,21.9
R00612,15.2
R00616,21.4
R00617,19.0
R00621,13.1
R00622,14.9
R00623,20.3
R00628,25.4
R00630,25.9
R00633,21.4
R00635,32.2
R00641,26.3
R00643,9.3
R00651,21.1
R00655,14.2
R00660,18.6
R00661,18.2
R00670,15.3
R00671,28.3
R00672,41.3
R00675,42.0
R00677,16.8
R00680,11.3
R00684,14.3
R00686,17.8
R00687,51.4
R00688,9.9
R00689,29.2
R00690,17.6
R00691,22.2
R00693,26.2
R00699,18.1
R00700,22.0
R00704,21.8
R00705,10.6
R00707,16.7
R00708,12.1
R00711,23.5
R00713,22.5
R00715,8.9
R00716,18.0
R00717,7.1
R00718,14.3
R00720,22.0
R00721,20.8
R00730,30.6
R00732,35.8
R00735,17.0
R00740,36.0
R00741,19.1
R00745,17.6
R00747,17.6
R00751,16.6
R00756,13.0
R00759,20.1
R00769,24.5
R00776,12.6
R00777,24.4
R00793,31.8
R00794,55.4
R00801,11.0
R00802,17.7
R00803,20.9
R00805,10.1
R00807,22.1
R00809,18.2
R00811,26.9
R00816,23.9
R00817,8.6
R00820,20.5
R00822,16.9
R00829,15.2
R00832,22.6
R00835,13.7
R00840,23.2
R00844,11.5
R00845,16.6
R00847,17.0
R00848,16.7
R00851,16.6
R00857,16.9
R00859,14.1
R00860,22.5
R00862,21.4
R00868,23.9
R00870,12.4
R00873,17.5
R00882,14.5
R00897,13.4
R00907,15.8
R00912,7.4
R00916,10.5
R00931,17.7
R00958,18.0
R00959,18.6
R00964,16.9
R00972,18.2
R00975,20.6
R00976,16.3
R00978,19.1
R00980,18.0
R00988,15.0
R01000,17.3
R01001,23.9
R01003,17.9
R01004,19.1
R01008,17.2
R01009,20.8
R01010,16.7
R01011,18.6
R01012,16.3
R01013,16.3
R01014,22.2
R01017,23.4
R01018,14.2
R01019,21.9
R01020,14.6
R01024,20.7
R01025,19.7
R01028,22.2
R01029,7.1
R01030,18.1
R01031,23.7
R01034,16.7
R01038,21.8
R01041,9.4
R01042,16.0
R01043,17.1
R01045,10.2
R01049,21.5
R01054,20.4
R01057,25.6
R01058,14.3
R01060,18.1
R01061,8.1
R01062,22.6
R01063,18.8
R01066,21.6
R01071,19.9
R01076,12.7
R01080,17.6
R01083,18.7
R01085,21.2
R01089,19.6
R01094,24.3
R01098,27.6
R01100,8.4
R01101,18.0
R01102,14.2
R01103,16.5
R01111,15.2
R01118,15.7
R01121,23.3
R01123,20.0
R01125,22.5
R01128,22.3
R01129,11.8
R01134,20.0
R01136,23.1
R01137,23.3
R01140,20.9
R01142,22.8
R01143,20.6
R01146,17.7
R01150,20.1
R01153,10.2
R01159,22.3
R01162,17.3
R01165,17.1
R01166,20.3
R01167,19.5
R01168,17.5
R01169,19.7
R01171,15.1
R01176,15.0
R01178,22.4
R01181,10.1
R01182,20.5
R01185,19.5
R01187,16.9
R01189,9.2
R01192,22.9
R01201,18.6
R01202,21.2
R01204,22.9
R01206,12.4
R01207,17.6
R01208,32.2
R01212,14.6
R01217,12.3
R01220,23.5
R01221,25.8
R01229,14.5
R01230,10.1
R01231,26.8
R01233,13.2
R01235,22.2
R01240,18.6
R01241,23.7
R01245,17.8
R01247,14.2
R01249,20.5
R01252,19.1
R01253,11.7
R01255,14.3
R01259,16.9
R01261,8.2
R01262,10.4
R01268,18.5
R01272,18.8
R01273,17.7
R01274,19.7
R01277,23.1
R01279,20.1
R01280,20.0
R01283,23.1
R01284,17.7
R01286,23.7
R01287,21.1
R01288,23.6
R01298,18.9
R01299,24.3
R01300,14.5
R01301,24.3
R01303,16.4
R01304,23.4
R01305,20.1
R01308,21.5
R01309,17.3
R01310,22.8
R01312,25.4
R01314,11.7
R01320,20.4
R01321,21.0
R01322,26.2
R01326,18.2
R01328,25.8
R01332,22.9
R01335,20.5
R01337,13.3
R01338,20.9
R01341,22.6
R01342,18.3
R01343,27.4
R01346,21.3
R01350,15.0
R01352,16.0
R01353,21.5
R01358,19.9
R01360,20.3
R01362,21.6
R01366,19.3
R01371,10.7
R01372,16.9
R01373,20.1
R01374,22.6
R01376,21.4
R01379,16.4
R01381,17.1
R01383,18.8
R01389,22.6
R01391,18.8
R01393,22.2
R01395,22.0
R01397,16.5
R01402,15.8
R01404,24.8
R01408,17.6
R01411,23.8
R01412,23.8
R01413,19.7
R01415,14.2
R01417,17.4
R01418,18.5
R01421,17.1
R01425,22.4
R01428,21.3
R01430,15.0
R01432,17.5
R01434,5.9
R01435,8.3
R01438,17.8
R01442,21.2
R01444,20.0
R01445,12.9
R01446,21.5
R01447,17.0
R01457,19.4
R01458,20.8
R01459,10.6
R01460,14.5
R01461,19.7
R01466,11.9
R01469,24.3
R01472,20.6
R01477,19.0
R01478,21.2
R01479,22.5
R01480,21.8
R01486,9.7
R01488,17.8
R01489,17.8
R01490,20.1
R01491,21.6
R01499,18.6
R01501,19.2
R01503,19.7
R01504,20.9
R01509,11.2
R01511,20.1
R01512,22.1
R01516,21.9
R01517,13.4
R01520,19.4
R01523,22.8
R01524,20.9
R01529,15.0
R01530,23.6
R01533,21.2
R01539,20.9
R01540,21.4
R01542,17.4
R01546,20.8
R01547,22.3
R01550,27.2
R01552,19.5
R01553,11.8
R01554,22.6
R01556,21.3
R01558,12.6
R01559,11.8
R01560,16.8
R01561,22.8
R01563,21.1
R01567,18.9
R01569,17.8
R01570,20.2
R01577,4.4
R01583,16.4
R01584,23.6
R01590,19.2
R01592,19.2
R01603,16.6
R01606,16.2
R01607,18.4
R01608,18.7
R01614,20.6
R01616,21.5
R01617,21.8
R01622,20.7
R01623,18.3
R01625,19.6
R01626,11.5
R01629,20.2
R01630,25.3
R01631,21.7
R01632,21.7
R01637,19.8
R01640,5.8
R01642,15.4
R01645,23.0
R01646,21.0
R01654,18.2
R01655,20.0
R01656,22.7
R01657,21.5
R01661,10.6
R01664,18.0
R01666,12.1
R01670,5.1
R01671,22.3
R01685,7.2
R01705,8.7
R01706,12.7
R01708,18.1
R01717,15.7
R01721,22.3
R01722,21.0
R01727,19.8
R01731,21.9
R01733,18.2
R01734,17.3
R01735,20.4
R01736,20.5
R01742,28.3
R01748,11.9
R01750,18.6
R01752,19.5
R01755,18.8
R01756,22.2
R01757,18.1
R01760,16.3
R01761,5.9
R01769,20.1
R01771,22.6
R01775,12.7
R01782,14.1
R01789,21.9
R01792,21.0
R01794,8.7
R01800,17.0
R01802,19.7
R01805,9.8
R01806,19.3
R01808,19.0
R01820,19.8
R01831,16.4
R01833,19.6
R01839,19.1
R01841,22.4
R01842,15.0
R01845,5.7
R01863,19.8
R01866,20.2
R01867,19.6
R01869,6.0
R01872,6.4
R01877,5.3
R01881,20.9
R01888,18.1
R01889,20.5
R01892,14.2
R01895,15.4
R01896,16.7
R01899,22.7
R01901,17.5
R01909,24.2
R01910,15.1
R01911,20.7
R01913,19.5
R01917,20.1
R01923,6.2
R01924,11.2
R01927,17.4
R01932,18.6
R01941,20.5
R01945,6.3
R01950,25.3
R01967,18.1
R01968,16.4
R01986,15.7
R01992,11.3
R01994,18.9
R02013,14.9
R02020,16.3
R02024,8.0
R02027,17.9
R02028,81.1
R02035,6.0
R02043,10.1
R02046,10.1
R02049,18.3
R02052,26.0
R02054,13.3
R02055,20.1
R02058,22.5
R02060,6.5
R02063,21.2
R02064,18.6
R02065,17.1
R02066,20.7
R02070,17.3
R02071,10.2
R02073,18.4
R02077,14.4
R02080,26.6
R02081,19.2
R02084,21.5
R02086,17.8
R02087,6.2
R02089,25.4
R02097,19.1
R02103,23.1
R02105,19.8
R02106,16.1
R02108,15.6
R02110,19.9
R02116,14.5
R02118,21.0
R02120,9.3
R02122,16.8
R02123,10.8
R02127,19.8
R02128,22.4
R02130,17.9
R02132,23.9
R02137,18.5
R02140,20.8
R02143,17.2
R02145,14.7
R02147,9.2
R02150,18.3
R02152,7.2
R02155,19.4
R02156,18.4
R02157,18.8
R02168,19.7
R02169,5.8
R02181,17.5
R02182,15.5
R02183,18.3
R02193,21.8
R02194,19.5
R02195,15.9
R02196,5.7
R02199,12.0
R02203,15.1
R02210,17.0
R02213,6.7
R02214,19.0
R02215,24.8
R02218,18.7
R02221,18.2
R02225,17.1
R02231,18.6
R02234,19.2
R02237,19.6
R02242,21.4
R02244,16.4
R02248,17.8
R02253,18.9
R02255,8.1
R02257,7.6
R02258,24.5
R02259,11.6
R02260,13.2
R02262,13.3
R02264,31.0
R02266,19.1
R02267,9.6
R02268,17.7
R02269,25.0
R02271,19.6
R02278,16.3
R02281,17.4
R02289,21.9
R02292,15.0
R02295,15.6
R02297,26.2
R02299,22.4
R02300,17.2
R02304,13.3
R02307,25.0
R02309,20.3
R02310,23.2
R02316,17.5
R02320,17.8
R02322,22.5
R02324,11.0
R02330,15.7
R02333,18.7
R02334,21.7
R02340,22.3
R02344,17.7
R02345,16.9
R02346,18.0
R02350,8.4
R02351,17.7
R02352,6.6
R02354,19.9
R02356,10.1
R02358,25.5
R02359,20.7
R02361,18.3
R02362,16.8
R02368,18.1
R02372,17.6
R02374,10.4
R02375,14.1
R02379,20.1
R02382,18.7
R02387,23.1
R02393,22.5
R02396,16.5
R02399,17.3
R02406,18.0
R02407,13.9
R02410,14.1
R02413,16.5
R02416,19.5
R02425,21.6
R02428,35.3
R02430,18.2
R02431,16.2
R02433,16.4
R02434,15.8
R02435,14.5
R02437,17.0
R02441,21.6
R02444,16.8
R02446,21.4
R02458,12.5
R02459,17.1
R02460,15.8
R02464,28.3
R02469,21.7
R02471,8.6
R02476,23.0
R02482,30.6
R02486,18.8
R02487,19.1
R02490,19.3
R02509,18.8
R02516,17.3
R02520,18.0
R02523,6.6
R02524,21.2
R02527,16.6
R02529,13.3
R02536,27.6
R02540,16.1
R02559,16.7
R02565,15.7
R02566,18.9
R02567,16.9
R02572,20.2
R02578,17.2
R02583,12.7
R02584,16.8
R02585,13.3
R02587,23.1
R02588,16.0
R02591,18.0
R02594,17.8
R02602,18.7
R02604,19.6
R02607,16.0
R02608,8.0
R02612,8.3
R02628,17.7
R02631,18.5
R02638,18.5
R02640,17.0
R02646,19.1
R02647,16.0
R02651,18.0
R02652,16.2
R02658,13.3
R02666,9.2
R02667,17.1
R02689,18.4
R02691,20.2
R02693,18.1
R02709,20.0
R02716,17.5
R02717,20.9
R02728,6.3
R02729,16.9
R02732,14.0
R02733,17.1
R02736,11.7
R02737,14.8
R02741,31.1
R02742,16.3
R02743,7.8
R02744,17.1
R02772,18.3
R02776,17.6
R02777,19.4
R02779,18.6
R02780,15.5
R02787,13.9
R02803,16.9
R02804,17.2
R02812,16.4
R02816,16.5
R02817,19.5
R02819,21.0
R02823,16.3
R02828,16.2
R02831,16.3
R02832,16.1
R02836,18.0
R02838,18.8
R02839,21.2
R02845,14.3
R02848,17.8
R02851,14.7
R02855,7.4
R02859,8.3
R02860,16.2
R02862,5.4
R02871,17.1
R02875,10.7
R02876,12.8
R02882,18.0
R02883,19.5
R02884,14.6
R02885,22.9
R02887,22.7
R02890,15.7
R02896,13.4
R02897,12.0
R02898,12.8
R02899,17.7
R02900,18.0
R02906,17.8
R02907,17.0
R02908,19.9
R02912,17.4
R02916,17.6
R02926,9.5
R02934,24.1
R02935,22.9
R02944,18.1
R02946,10.6
R02948,21.2
R02949,7.7
R02950,15.4
R02967,14.4
R02975,18.3
R02978,25.1
R02979,16.4
R02980,17.1
R02981,18.0
R02982,12.2
R02983,25.2
R02989,20.9
R02990,20.3
R02992,8.0
R03005,13.1
R03015,17.0
R03017,15.3
R03027,10.2
R03030,16.9
R03042,15.3
R03044,11.9
R03045,13.1
R03047,17.3
R03048,18.3
R03051,17.2
R03055,13.0
R03060,15.6
R03062,16.1
R03064,7.0
R03067,14.8
R03073,15.9
R03074,16.9
R03075,24.9
R03088,21.7
R03090,16.8
R03092,13.5
R03094,10.8
R03095,18.9
R03096,16.9
R03104,17.3
R03110,8.6
R03121,16.2
R03122,19.1
R03123,16.7
R03130,14.2
R03132,14.7
R03133,16.4
R03139,17.1
R03143,9.0
R03147,13.0
R03149,14.2
R03150,18.4
R03161,28.4
R03166,15.3
R03170,27.9
R03179,16.7
R03184,17.7
R03185,18.7
R03195,8.4
R03196,8.7
R03197,8.5
R03202,15.1
R03208,18.2
R03221,17.2
R03227,16.8
R03230,26.8
R03232,15.0
R03235,14.3
R03241,17.5
R03242,17.5
R03244,13.8
R03249,17.2
R03251,7.8
R03265,17.3
R03284,16.5
R03285,17.7
R03297,17.9
R03305,14.3
R03312,17.1
R03314,17.7
R03315,18.5
R03316,21.0
R03318,17.0
R03325,15.0
R03327,9.5
R03331,19.3
R03332,131.6
R03336,12.2
R03338,8.4
R03347,17.2
R03367,17.6
R03373,23.5
R03376,16.0
R03378,17.1
R03389,19.3
R03390,20.0
R03394,17.6
R03397,13.3
R03404,18.8
R03405,17.0
R03406,19.2
R03412,5.5
R03418,18.2
R03423,26.6
R03429,18.8
R03430,18.3
R03432,14.2
R03433,17.3
R03435,25.5
R03436,18.2
R03437,16.2
R03438,16.4
R03439,12.9
R03445,12.1
R03446,17.0
R03455,20.2
R03457,17.6
R03459,19.3
R03465,34.5
R03475,17.3
R03489,18.8
R03490,10.5
R03494,5.7
R03495,18.6
R03496,9.8
R03500,9.4
R03520,10.0
R03521,14.7
R03522,16.7
R03526,9.3
R03529,18.6
R03530,17.4
R03533,19.2
R03540,17.0
R03541,5.4
R03545,17.0
R03546,14.3
R03650,23.0
R03670,16.4
R03671,15.3
R03677,17.4
R03686,16.0
R03688,7.9
R03690,8.8
R03692,19.2
R03693,16.8
R03706,16.6
R03711,16.3
R03716,19.1
R03718,8.5
R03725,13.7
R03734,18.3
R03736,18.1
R03738,18.6
R03739,19.6
R03742,21.9
R03743,20.1
R03744,13.9
R03747,18.6
R03748,14.6
R03756,8.4
R03758,14.7
R03759,20.4
R03764,18.4
R03777,17.3
R03778,7.4
R03779,21.7
R03794,7.4
R03799,20.7
R03803,26.7
R03806,10.9
R03818,16.7
R03819,23.8
R03821,21.2
R03823,19.6
R03825,15.6
R03838,20.9
R03845,31.6
R03851,20.4
R03852,18.9
R03860,21.1
R03864,15.3
R03866,15.6
R03869,18.9
R03890,45.1
R03891,18.8
R03896,19.8
R03899,8.6
R03902,18.0
R03903,16.0
R03904,19.7
R03912,19.2
R03923,21.0
R03924,16.7
R03926,17.6
R03927,16.9
R03930,18.7
R03935,19.4
R03937,13.3
R03938,18.5
R03939,18.9
R03944,20.7
R03945,21.5
R03950,15.8
R03951,14.0
R03952,14.7
R03954,18.8
R03955,25.9
R03958,22.9
R03962,91.7
R03964,16.1
R03966,19.9
R03967,21.1
R03968,19.4
R03969,15.9
R03971,21.3
R03974,90.5
R03983,19.3
R03992,16.4
R03994,12.3
R03999,18.9
R04000,14.3
R04001,18.7
R04002,22.7
R04004,17.1
R04012,14.4
R04018,16.9
R04021,17.3
R04023,6.6
R04026,19.2
R04027,10.3
R04032,12.3
R04037,16.5
R04045,3.4
R04049,13.9
R04050,17.5
R04058,18.3
R04059,16.9
R04069,13.1
R04073,16.6
R04074,43.5
R04080,9.5
R04089,17.1
R04090,16.3
R04091,19.9
R04092,21.7
R04093,19.6
R04110,25.4
R04115,19.4
R04118,17.8
R04119,16.9
R04125,20.9
R04126,46.0
R04127,16.2
R04128,17.3
R04137,8.1
R04144,9.7
R04148,16.4
R04152,12.6
R04166,18.0
R04169,13.0
R04174,13.6
R04184,20.9
R04210,10.9
R04217,18.5
R04219,18.2
R04221,18.3
R04227,20.2
R04266,13.7
R04269,18.6
R04292,9.8
R04299,18.4
R04322,9.3
R04327,17.3
R04334,19.8
R04338,14.0
R04340,9.3
R04341,9.8
R04342,15.7
R04353,20.2
R04365,17.6
R04370,10.2
R04372,12.2
R04376,8.0
R04419,13.3
R04439,25.1
R04445,13.9
R04446,2.7
R04452,98.0
R04453,12.2
R04458,8.3
R04462,18.2
R04466,9.8
R04487,9.5
R04492,12.3
R04495,20.2
R04505,21.6
R04515,11.4
R04516,17.8
R04525,26.6
R04526,8.2
R04540,6.6
R04541,11.9
R04549,19.5
R04555,5.8
R04557,19.8
R04563,22.0
R04564,18.9
R04568,19.4
R04569,16.0
R04570,18.5
R04572,20.5
R04573,20.2
R04578,14.2
R04580,24.7
R04584,10.7
R04587,20.6
R04601,19.1
R04607,17.5
R04610,16.7
R04612,16.2
R04614,21.8
R04621,21.1
R04628,15.2
R04629,17.9
R04635,11.2
R04640,5.2
R04643,17.9
R04648,21.1
R04649,15.5
R04652,17.9
R04653,17.6
R04656,14.9
R04657,12.6
R04658,10.8
R04659,97.2
R04669,9.1
R04671,18.3
R04673,20.2
R04675,15.9
R04679,13.3
R04681,9.8
R04683,18.2
R04684,20.9
R04685,21.3
R04686,15.1
R04688,16.9
R04697,23.9
R04698,17.5
R04708,15.8
R04709,21.5
R04710,8.0
R04711,7.6
R04716,21.6
R04720,11.7
R04721,18.8
R04728,12.1
R04729,9.6
R04733,20.3
R04740,13.7
R04744,22.6
R04745,19.9
R04747,20.6
R04748,17.5
R04755,19.7
R04756,23.3
R04757,8.9
R04758,16.8
R04763,18.0
R04766,14.1
R04772,18.4
R04774,23.1
R04776,21.1
R04777,17.6
R04778,16.9
R04779,13.3
R04782,13.4
R04787,23.8
R04789,17.0
R04791,10.6
R04792,17.1
R04805,15.5
R04806,17.6
R04807,8.3
R04814,12.0
R04815,45.3
R04828,15.7
R04829,12.2
R04831,13.2
R04846,18.6
R04855,16.1
R04857,21.6
R04858,19.7
R04859,11.2
R04860,7.8
R04861,14.8
R04862,20.9
R04863,23.2
R04867,21.3
R04871,11.0
R04880,13.3
R04882,37.8
R04883,34.1
R04887,14.9
R04892,22.7
R04893,22.0
R04895,20.3
R04896,13.7
R04897,19.7
R04898,28.6
R04900,19.7
R04901,18.8
R04902,16.5
R04909,99.5
R04911,14.7
R04914,16.1
R04917,8.8
R04919,20.3
R04920,22.2
R04921,71.2
R04922,8.1
R04924,17.5
R04929,17.9
R04931,14.7
R04941,12.8
R04943,11.3
R04945,19.7
R04949,11.4
R04950,19.0
R04953,15.0
R04960,16.1
R04968,17.0
R04981,15.1
R04982,18.9
R04984,12.6
R04985,9.6
R04987,15.1
R04998,18.8
R04999,20.0
R05004,14.6
R05005,18.3
R05006,6.7
R05007,13.1
R05009,10.9
R05012,19.2
R05016,18.0
R05025,15.7
R05026,24.1
R05034,12.1
R05035,15.8
R05042,16.9
R05048,17.5
R05050,17.1
R05051,16.9
R05058,23.1
R05062,9.3
R05067,16.8
R05074,18.6
R05075,19.9
R05080,12.2
R05086,18.4
R05087,20.4
R05095,10.5
R05096,20.3
R05100,13.6
R05107,16.5
R05116,12.4
R05121,11.3
R05122,12.7
R05125,16.8
R05126,17.5
R05129,15.5
R05131,20.4
R05132,12.1
R05135,30.4
R05136,16.9
R05140,19.2
R05142,9.1
R05149,12.9
R05154,18.7
R05155,19.5
R05156,31.2
R05158,9.6
R05160,14.0
R05165,14.2
R05181,29.1
R05186,19.2
R05187,15.7
R05188,20.9
R05190,19.4
R05193,20.9
R05196,12.9
R05198,14.9
R05199,18.0
R05200,18.7
R05203,18.5
R05205,15.9
R05206,41.9
R05208,17.4
R05211,14.1
R05227,18.9
R05233,19.2
R05241,13.3
R05243,15.4
R05244,10.1
R05248,16.0
R05249,15.6
R05254,21.1
R05256,19.4
R05260,11.9
R05268,16.0
R05271,30.0
R05273,10.0
R05274,18.9
R05275,17.8
R05278,11.5
R05281,31.1
R05300,9.8
R05301,15.3
R05304,17.1
R05306,21.6
R05307,21.9
R05308,10.5
R05310,16.9
R05318,19.3
R05326,42.0
R05332,17.0
R05334,15.7
R05335,32.0
R05344,18.3
R05349,17.5
R05353,15.1
R05356,15.0
R05361,7.3
R05372,12.8
R05374,18.1
R05378,16.8
R05390,13.2
R05395,10.6
R05397,17.0
R05403,17.8
R05404,15.3
R05424,18.6
R05432,9.8
R05434,31.8
R05438,18.3
R05441,13.9
R05443,15.9
R05446,35.1
R05454,15.8
R05456,15.1
R05468,13.2
R05471,10.9
R05479,16.1
R05480,27.6
R05482,17.7
R05484,15.5
R05488,17.2
R05498,23.2
R05503,14.5
R05510,15.9
R05528,13.1
R05538,18.4
R05540,8.6
R05541,17.1
R05545,14.2
R05548,18.6
R05549,27.7
R05550,10.3
R05553,21.1
R05555,16.2
R05556,9.4
R05566,12.7
R05568,15.7
R05569,22.2
R05570,20.2
R05574,19.1
R05585,17.2
R05586,15.7
R05589,26.0
R05600,23.8
R05604,24.0
R05609,8.5
R05615,18.0
R05617,10.8
R05621,23.8
R05627,19.6
R05629,11.5
R05630,18.0
R05631,6.4
R05635,6.7
R05639,17.6
R05653,16.9
R05655,13.7
R05665,11.2
R05670,14.6
R05671,17.2
R05672,13.8
R05674,19.6
R05675,22.0
R05678,11.4
R05679,25.3
R05682,12.5
R05684,7.3
R05698,13.3
R05699,16.1
R05706,24.2
R05711,16.5
R05714,9.5
R05717,12.2
R05719,10.9
R05724,15.7
R05732,21.7
R05733,12.2
R05743,11.9
R05748,17.9
R05749,77.1
R05756,19.6
R05766,17.1
R05781,8.8
R05782,9.5
R05784,16.2
R05788,17.1
R05791,11.1
R05793,11.7
R05796,15.1
R05804,15.6
R05813,12.5
R05817,23.3
R05820,25.7
R05823,11.2
R05826,13.9
R05828,62.2
R05830,10.9
R05835,15.4
R05838,19.1
R05841,10.7
R05842,14.4
R05845,13.1
R05846,68.7
R05850,29.3
R05858,18.3
R05860,21.8
R05863,14.4
R05876,20.8
R05886,25.5
R05887,11.0
R05891,89.6
R05900,21.7
R05902,11.4
R05903,11.7
R05907,24.3
R05914,15.9
R05929,11.8
R05931,14.8
R05935,19.0
R05947,10.9
R05952,14.0
R05959,18.4
R05960,18.5
R05967,20.4
R05976,15.2
R05977,18.8
R05978,18.1
R05986,22.2
R05996,16.8
R06012,17.3
R06021,10.8
R06022,11.5
R06025,16.3
R06027,23.8
R06030,26.3
R06044,17.3
R06046,18.4
R06048,10.9
R06054,19.8
R06055,24.5
R06066,15.9
R06070,18.4
R06073,13.5
R06075,5.6
R06077,23.8
R06078,20.5
R06088,10.6
R06089,22.6
R06097,17.6
R06098,21.5
R06112,21.1
R06120,17.7
R06121,23.7
R06138,18.1
R06145,18.7
R06153,24.6
R06154,18.6
R06158,19.4
R06163,10.2
R06164,17.6
R06172,17.3
R06177,18.4
R06178,17.9
R06180,21.4
R06184,6.3
R06185,13.3
R06188,15.3
R06189,15.9
R06190,20.7
R06191,15.0
R06193,19.9
R06199,13.9
R06200,20.5
R06203,18.0
R06212,13.9
R06224,17.4
R06225,20.7
R06229,19.6
R06232,17.7
R06233,14.0
R06253,9.5
R06255,9.4
R06256,19.1
R06258,15.3
R06264,18.5
R06267,24.4
R06269,49.2
R06270,19.5
R06271,17.0
R06272,8.1
R06273,21.9
R06280,19.3
R06281,22.0
R06282,22.0
R06283,14.5
R06288,15.9
R06290,92.7
R06297,15.0
R06298,19.6
R06301,19.2
R06302,23.4
R06310,19.4
R06311,26.3
R06315,22.4
R06318,14.4
R06320,6.8
R06321,13.5
R06323,15.2
R06331,18.8
R06332,16.3
R06342,20.4
R06343,8.3
R06356,66.5
R06360,11.8
R06366,13.5
R06367,20.4
R06369,15.1
R06370,13.3
R06380,16.8
R06381,17.5
R06382,16.9
R06385,32.1
R06387,12.6
R06393,55.5
R06397,12.1
R06398,17.7
R06400,39.4
R06401,17.0
R06402,17.2
R06403,19.1
R06408,15.2
R06411,21.5
R06419,23.2
R06423,21.0
R06425,18.7
R06428,21.9
R06430,15.5
R06433,30.8
R06437,10.8
R06439,22.3
R06440,65.4
R06441,21.3
R06443,18.5
R06458,12.0
R06470,17.8
R06471,17.5
R06472,20.7
R06475,17.7
R06479,26.8
R06481,23.0
R06490,18.1
R06493,9.9
R06496,12.0
R06498,19.6
R06505,11.0
R06509,10.1
R06513,7.0
R06517,8.5
R06540,18.0
R06544,21.6
R06546,11.5
R06547,20.1
R06548,16.9
R06551,18.5
R06556,8.2
R06559,20.6
R06565,15.2
R06568,22.5
R06575,14.6
R06577,20.4
R06582,68.0
R06584,16.6
R06585,12.6
R06601,5.8
R06602,17.1
R06611,16.2
R06617,12.9
R06622,18.3
R06623,16.8
R06625,13.1
R06638,19.2
R06639,24.7
R06643,20.7
R06650,21.2
R06651,20.5
R06652,6.9
R06659,13.3
R06660,12.1
R06661,20.0
R06665,7.4
R06671,11.1
R06674,22.9
R06675,27.3
R06678,22.7
R06680,22.0
R06681,17.2
R06682,17.3
R06685,23.7
R06686,10.6
R06701,12.4
R06703,20.6
R06720,17.1
R06721,24.5
R06722,19.4
R06725,14.5
R06726,13.9
R06734,13.1
R06739,26.9
R06769,30.5
R06771,15.1
R06776,12.4
R06777,12.7
R06779,21.0
R06780,11.8
R06781,13.9
R06785,27.4
R06798,24.9
R06799,51.5
R06805,24.9
R06806,18.6
R06809,13.1
R06813,16.6
R06815,16.6
R06817,15.0
R06818,15.7
R06827,15.2
R06828,103.1
R06831,14.6
R06832,10.5
R06859,21.2
R06861,85.9
R06862,99.6
R06865,19.6
R06866,23.2
R06867,22.5
R06869,78.9
R06885,12.5
R06886,27.1
R06889,11.4
R06890,36.8
R06896,9.4
R06897,18.2
R06898,14.0
R06901,13.1
R06902,29.1
R06905,14.8
R06909,15.7
R06911,8.6
R06915,7.7
R06925,25.0
R06932,18.3
R06933,56.6
R06935,22.4
R06943,16.6
R06945,30.0
R06946,17.2
R06947,20.5
R06948,18.4
R06955,27.4
R06956,5.5
R06973,25.6
R06980,23.2
R06983,22.8
R06985,20.3
R06993,11.2
R06996,24.1
R07005,12.2
R07007,20.3
R07014,129.9
R07015,28.5
R07016,36.4
R07017,11.1
R07018,15.5
R07021,8.4
R07036,26.1
R07039,7.4
R07050,59.6
R07051,18.7
R07054,19.5
R07061,22.7
R07063,30.5
R07064,27.5
R07067,11.9
R07068,86.2
R07074,12.4
R07086,33.2
R07088,20.9
R07091,19.8
R07092,13.0
R07094,23.2
R07095,14.5
R07097,16.7
R07098,9.0
R07100,90.5
R07103,9.1
R07106,27.9
R07107,18.6
R07110,11.7
R07116,22.0
R07125,32.6
R07126,25.4
R07127,17.9
R07130,4.0
R07140,17.0
R07150,80.8
R07152,11.0
R07153,21.5
R07154,25.9
R07160,16.2
R07169,9.0
R07170,13.4
R07171,13.7
R07175,19.8
R07180,12.4
R07182,25.0
R07183,18.0
R07184,18.8
R07185,18.9
R07186,6.7
R07190,23.4
R07195,19.6
R07199,22.7
R07205,8.6
R07214,19.7
R07224,16.9
R07231,23.9
R07232,22.8
R07236,17.1
R07241,22.3
R07245,15.6
R07250,15.1
R07252,18.0
R07255,20.2
R07256,25.5
R07270,18.5
R07271,15.3
R07274,97.3
R07275,7.8
R07278,14.6
R07282,19.4
R07284,11.8
R07286,23.4
R07287,21.7
R07288,19.9
R07290,33.0
R07291,17.3
R07295,15.6
R07296,18.8
R07301,32.6
R07304,16.8
R07306,16.6
R07307,14.4
R07317,22.0
R07319,15.6
R07320,85.7
R07323,15.8
R07326,8.6
R07328,18.9
R07335,17.7
R07336,13.4
R07343,19.7
R07348,22.4
R07356,18.7
R07357,17.6
R07358,17.8
R07363,55.5
R07369,8.2
R07380,21.2
R07387,21.9
R07389,20.0
R07393,18.4
R07397,7.9
R07398,20.3
R07401,11.1
R07404,28.9
R07405,21.9
R07408,19.1
R07409,11.0
R07413,28.3
R07414,23.4
R07415,21.5
R07418,19.5
R07421,21.5
R07422,22.4
R07423,24.0
R07424,17.1
R07425,14.3
R07430,27.1
R07432,21.0
R07437,14.2
R07438,11.8
R07440,23.3
R07443,21.1
R07444,22.3
R07446,14.1
R07449,17.4
R07452,28.1
R07454,26.7
R07458,93.5
R07462,17.9
R07465,98.9
R07467,20.0
R07468,15.2
R07473,16.3
R07479,25.4
R07480,21.3
R07481,21.4
R07487,26.9
R07490,16.6
R07492,93.9
R07494,12.2
R07502,22.4
R07506,20.9
R07507,25.4
R07509,4.8
R07510,19.2
R07513,11.8
R07515,19.9
R07517,20.3
R07523,5.2
R07529,19.8
R07533,22.5
R07539,18.6
R07540,25.9
R07542,41.9
R07546,12.3
R07548,10.4
R07550,27.3
R07551,29.1
R07553,94.1
R07554,133.6
R07555,131.1
R07557,14.6
R07558,19.0
R07559,29.9
R07560,21.0
R07566,12.3
R07568,19.4
R07570,13.1
R07574,23.2
R07579,19.9
R07580,20.0
R07581,14.7
R07583,21.4
R07589,22.3
R07591,94.4
R07594,21.6
R07596,21.0
R07599,18.5
R07600,19.2
R07601,21.9
R07602,11.1
R07606,17.0
R07611,11.6
R07614,10.1
R07615,27.5
R07616,23.7
R07617,25.9
R07618,8.9
R07623,40.4
R07625,19.7
R07626,12.2
R07629,14.2
R07630,13.0
R07631,94.1
R07633,131.4
R07654,13.6
R07661,23.0
R07662,17.4
R07663,22.6
R07664,25.3
R07674,131.4
R07675,15.6
R07676,7.9
R07684,18.7
R07685,53.8
R07686,32.0
R07689,23.5
R07694,5.5
R07703,21.1
R07706,18.8
R07713,92.6
R07714,15.3
R07717,25.0
R07719,16.9
R07727,11.3
R07728,19.8
R07733,14.0
R07740,24.2
R07743,18.5
R07744,19.5
R07745,21.3
R07749,26.3
R07751,23.9
R07752,20.0
R07757,9.8
R07764,23.5
R07766,26.3
R07767,16.6
R07768,13.7
R07770,21.7
R07771,10.0
R07772,23.1
R07775,13.3
R07778,21.1
R07779,40.8
R07780,18.7
R07789,19.5
R07792,61.8
R07797,26.7
R07798,27.9
R07800,9.4
R07801,12.3
R07802,14.2
R07804,17.3
R07805,12.1
R07808,15.0
R07809,89.0
R07811,29.8
R07812,21.1
R07814,7.6
R07815,19.9
R07818,23.3
R07822,16.3
R07830,21.6
R07832,28.5
R07843,12.3
R07845,26.2
R07846,21.0
R07848,26.7
R07851,22.9
R07852,27.4
R07853,22.4
R07857,24.4
R07858,13.9
R07869,19.4
R07870,20.4
R07871,13.2
R07874,27.5
R07877,21.1
R07878,19.2
R07880,18.8
R07884,7.9
R07894,16.0
R07899,14.2
R07901,10.3
R07905,12.3
R07907,15.6
R07908,14.1
R07910,13.3
R07914,93.2
R07921,13.3
R07922,10.1
R07925,18.9
R07926,21.1
R07929,20.3
R07937,11.9
R07947,9.3
R07956,19.2
R07957,23.2
R07958,12.9
R07962,14.7
R07967,10.6
R07973,22.8
R07980,17.7
R07983,14.4
R07984,94.1
R07985,18.4
R07986,16.6
R07990,20.2
R07991,8.5
R07996,10.0
R08004,21.9
R08010,18.6
R08013,25.5
R08023,28.7
R08033,15.6
R08040,18.1
R08041,12.6
R08051,34.2
R08054,18.4
R08057,20.0
R08064,13.6
R08081,14.5
R08082,45.2
R08088,39.9
R08100,7.2
R08101,19.1
R08109,18.0
R08110,20.8
R08115,23.5
R08116,18.5
R08117,16.8
R08121,15.2
R08122,19.4
R08125,28.3
R08126,18.2
R08130,16.0
R08140,21.1
R08143,28.8
R08147,9.7
R08159,20.4
R08165,11.1
R08168,18.3
R08169,12.4
R08174,20.1
R08190,18.7
R08196,19.7
R08215,18.8
R08217,31.0
R08223,50.6
R08224,48.7
R08228,18.4
R08238,50.4
R08239,50.9
R08240,40.3
R08241,50.5
R08242,14.3
R08248,15.3
R08251,100.6
R08255,11.0
R08256,14.7
R08257,12.5
R08258,12.5
R08261,15.7
R08262,9.5
R08272,25.6
R08279,10.9
R08283,18.0
R08293,9.0
R08294,21.9
R08295,13.3
R08298,40.8
R08302,19.9
R08303,13.6
R08306,14.6
R08308,7.8
R08309,16.4
R08314,45.5
R08316,14.0
R08318,15.1
R08320,40.7
R08321,12.6
R08323,22.7
R08326,21.4
R08327,21.6
R08332,19.7
R08334,23.8
R08335,25.1
R08336,13.2
R08338,7.0
R08341,22.2
R08349,20.9
R08353,42.7
R08359,38.5
R08361,30.2
R08364,21.1
R08365,27.0
R08370,25.3
R08371,18.7
R08376,8.7
R08377,20.9
R08381,14.3
R08396,19.4
R08397,18.5
R08401,25.0
R08407,21.8
R08409,17.2
R08411,20.0
R08412,12.3
R08416,25.2
R08417,22.6
R08431,21.6
R08433,19.4
R08436,79.7
R08437,94.4
R08440,16.4
R08442,80.4
R08448,11.8
R08452,50.8
R08455,25.6
R08457,14.9
R08461,14.8
R08462,14.7
R08464,9.8
R08465,14.1
R08467,21.4
R08469,17.1
R08472,37.6
R08473,28.1
R08477,16.4
R08479,11.8
R08480,10.9
R08482,20.6
R08483,22.6
R08484,13.3
R08487,19.5
R08490,15.8
R08491,20.3
R08492,23.8
R08495,16.1
R08496,26.0
R08497,24.2
R08499,13.8
R08502,44.3
R08510,7.2
R08511,22.2
R08513,15.4
R08515,9.7
R08516,22.3
R08517,18.8
R08519,100.4
R08520,15.4
R08521,8.8
R08522,18.8
R08525,20.7
R08526,22.6
R08527,21.4
R08531,19.0
R08532,15.7
R08533,17.8
R08534,19.2
R08535,23.4
R08536,15.9
R08537,26.4
R08539,105.7
R08542,20.5
R08543,46.3
R08545,23.8
R08546,21.5
R08550,12.6
R08552,12.5
R08553,18.6
R08554,19.3
R08555,18.8
R08556,16.0
R08557,13.9
R08560,16.1
R08562,15.9
R08563,23.1
R08564,15.5
R08571,19.7
R08575,13.0
R08578,64.4
R08583,18.6
R08584,23.2
R08587,49.4
R08588,12.8
R08589,21.0
R08590,21.1
R08593,13.3
R08594,12.1
R08595,37.2
R08596,22.0
R08598,19.6
R08599,19.1
R08601,15.1
R08603,18.2
R08604,21.2
R08605,34.0
R08606,12.8
R08608,24.2
R08609,10.7
R08610,6.7
R08611,30.2
R08612,40.9
R08613,9.1
R08615,18.3
R08621,20.6
R08624,20.7
R08626,16.3
R08627,23.5
R08628,25.0
R08629,11.6
R08630,98.6
R08631,17.2
R08632,18.2
R08633,17.1
R08634,12.4
R08635,16.4
R08637,23.6
R08640,24.1
R08643,21.7
R08644,22.4
R08645,19.8
R08647,7.4
R08649,20.7
R08650,19.2
R08651,6.4
R08653,24.8
R08656,11.4
R08657,18.5
R08659,21.5
R08662,24.2
R08665,93.0
R08667,7.0
R08674,19.5
R08677,38.8
R08678,40.2
R08680,25.7
R08681,17.1
R08682,77.4
R08686,19.4
R08691,23.3
R08692,10.3
R08693,20.9
R08694,11.7
R08698,20.6
R08701,21.0
R08705,17.3
R08708,8.6
R08709,9.7
R08713,20.0
R08714,27.0
R08721,25.0
R08723,13.7
R08724,22.9
R08725,11.4
R08726,12.1
R08728,15.2
R08729,18.8
R08733,17.3
R08736,25.3
R08737,21.1
R08738,20.8
R08740,8.9
R08745,21.0
R08747,17.3
R08748,8.2
R08749,7.5
R08750,25.4
R08751,15.4
R08754,18.7
R08755,8.5
R08756,8.0
R08757,13.7
R08758,16.4
R08761,20.8
R08767,15.2
R08777,100.7
R08778,14.4
R08783,22.1
R08785,11.5
R08786,10.3
R08787,9.8
R08789,19.2
R08790,22.2
R08791,19.9
R08792,16.9
R08793,8.2
R08795,48.6
R08796,15.1
R08797,23.4
R08798,25.8
R08801,99.9
R08802,98.1
R08807,23.1
R08808,15.9
R08809,15.3
R08810,12.4
R08811,18.0
R08812,15.8
R08813,26.7
R08814,25.3
R08815,14.5
R08816,23.2
R08817,18.5
R08819,12.8
R08820,23.8
R08823,20.3
R08826,14.1
R08827,17.2
R08831,13.4
R08832,20.8
R08836,19.3
R08838,6.4
R08841,9.4
R08842,10.5
R08844,25.9
R08846,23.4
R08853,21.1
R08854,12.8
R08856,7.7
R08859,7.0
R08862,16.4
R08871,38.1
R08873,9.0
R08874,16.6
R08876,13.5
R08877,23.0
R08879,9.3
R08880,35.4
R08884,16.4
R08890,40.1
R08891,35.4
R08893,6.2
R08894,10.2
R08895,18.8
R08896,20.8
R08900,23.0
R08902,13.8
R08903,24.2
R08904,22.6
R08907,25.1
R08908,12.0
R08912,20.5
R08913,35.7
R08914,24.8
R08916,15.6
R08918,21.4
R08920,7.3
R08922,11.5
R08924,13.0
R08930,119.3
R08931,97.2
R08932,21.6
R08934,21.9
R08936,31.1
R08948,60.9
R08949,20.8
R08951,15.6
R08952,30.1
R08954,24.2
R08955,21.1
R08956,21.8
R08957,18.1
R08959,26.4
R08962,100.0
R08964,39.7
R08967,13.5
R08970,19.2
R08971,11.3
R08974,18.7
R08978,94.2
R08979,9.8
R08981,50.4
R08983,21.0
R08984,8.9
R08985,23.9
R08986,18.2
R08988,18.8
R08991,9.2
R08992,19.6
R08996,11.5
R08998,9.6
R09001,17.7
R09003,8.6
R09005,15.5
R09006,24.8
R09007,15.3
R09008,21.9
R09012,6.4
R09015,23.3
R09021,35.8
R09023,17.0
R09025,11.6
R09026,21.5
R09029,16.1
R09030,17.0
R09035,44.8
R09038,23.8
R09040,11.0
R09042,16.0
R09045,20.5
R09046,10.3
R09047,20.1
R09048,17.8
R09052,18.4
R09056,22.6
R09057,21.0
R09058,7.4
R09060,73.1
R09062,30.7
R09070,12.5
R09071,84.0
R09072,83.9
R09074,12.4
R09084,22.8
R09086,12.8
R09089,19.1
R09090,12.0
R09091,24.1
R09094,13.8
R09096,8.1
R09097,18.7
R09099,11.5
R09110,22.4
R09115,17.9
R09116,35.9
R09120,19.4
R09122,6.6
R09126,5.7
R09127,18.3
R09133,15.8
R09134,21.6
R09135,22.9
R09138,30.3
R09143,19.9
R09144,10.1
R09148,18.8
R09152,39.4
R09153,13.9
R09156,20.0
R09157,48.6
R09158,70.3
R09159,15.2
R09162,19.9
R09163,19.3
R09165,11.7
R09166,10.4
R09173,19.4
R09174,17.6
R09175,11.9
R09179,10.0
R09180,51.2
R09181,46.6
R09183,21.3
R09188,17.9
R09189,24.4
R09192,8.9
R09193,6.6
R09194,7.6
R09197,18.6
R09200,27.0
R09201,19.2
R09203,10.9
R09204,24.6
R09208,13.0
R09212,19.5
R09214,18.3
R09222,33.6
R09223,21.0
R09224,29.7
R09228,23.3
R09229,5.9
R09230,18.1
R09231,29.2
R09234,26.5
R09235,13.1
R09251,61.9
R09252,57.0
R09255,16.1
R09256,19.4
R09264,35.0
R09266,13.6
R09271,20.5
R09273,8.1
R09278,25.1
R09282,19.5
R09287,27.7
R09288,22.5
R09289,26.1
R09290,23.5
R09291,25.6
R09296,15.2
R09299,17.4
R09301,19.3
R09302,20.2
R09307,18.0
R09308,21.6
R09313,15.4
R09315,20.9
R09317,33.1
R09319,16.3
R09320,70.3
R09322,10.3
R09324,33.7
R09325,10.2
R09327,21.6
R09328,7.3
R09329,21.6
R09331,13.1
R09332,6.2
R09337,22.3
R09339,96.2
R09343,15.7
R09345,10.5
R09351,17.0
R09352,21.1
R09353,13.7
R09358,13.8
R09367,17.7
R09368,16.0
R09370,16.1
R09374,19.1
R09375,19.5
R09383,20.0
R09384,35.4
R09389,22.4
R09391,21.3
R09393,26.6
R09394,15.5
R09397,19.9
R09398,18.1
R09400,16.1
R09402,66.9
R09404,7.0
R09409,24.7
R09410,22.4
R09411,22.3
R09418,33.8
R09419,23.3
R09426,26.0
R09427,48.0
R09429,24.9
R09430,21.1
R09432,12.3
R09439,9.9
R09440,29.4
R09446,16.1
R09447,24.6
R09448,20.8
R09449,30.8
R09450,62.8
R09458,24.7
R09460,22.2
R09467,18.1
R09470,21.8
R09472,17.1
R09476,9.0
R09477,11.2
R09478,13.9
R09485,18.3
R09487,19.6
R09489,24.1
R09490,21.2
R09491,21.3
R09494,9.3
R09495,20.3
R09496,11.9
R09497,27.4
R09498,22.9
R09500,23.8
R09504,10.5
R09507,19.7
R09511,6.6
R09514,17.9
R09516,10.1
R09524,7.6
R09527,18.4
R09528,15.2
R09529,20.8
R09530,18.2
R09534,21.7
R09537,33.8
R09538,9.5
R09541,36.0
R09543,15.7
R09546,22.7
R09551,31.4
R09552,17.1
R09553,21.3
R09554,11.5
R09557,32.1
R09564,12.5
R09565,22.9
R09566,23.0
R09573,18.5
R09578,21.4
R09582,26.4
R09584,20.6
R09585,20.3
R09586,20.1
R09591,21.7
R09593,20.9
R09596,22.1
R09599,14.7
R09602,50.5
R09604,8.9
R09607,33.1
R09611,10.8
R09621,14.4
R09629,22.1
R09633,25.0
R09635,10.6
R09636,100.4
R09637,22.6
R09655,26.5
R09656,21.4
R09657,27.4
R09659,17.8
R09660,15.7
R09661,17.9
R09662,59.1
R09663,23.2
R09666,9.5
R09668,20.7
R09669,5.6
R09676,7.6
R09678,24.9
R09679,20.0
R09682,7.3
R09683,22.2
R09685,21.8
R09690,7.1
R09694,7.0
R09695,5.8
R09696,23.8
R09697,7.4
R09700,23.7
R09701,67.6
R09703,7.4
R09709,13.0
R09711,11.0
R09713,47.7
R09716,22.4
R09719,21.6
R09723,18.8
R09727,33.1
R09737,23.8
R09742,22.7
R09744,20.8
R09746,35.6
R09747,22.3
R09750,21.2
R09751,24.8
R09752,10.8
R09753,16.0
R09756,26.8
R09757,8.5
R09763,19.7
R09769,34.9
R09774,22.9
R09780,11.4
R09782,19.2
R09786,5.3
R09790,18.5
R09791,19.8
R09792,44.5
R09793,101.1
R09796,15.1
R09797,18.6
R09798,15.9
R09800,15.4
R09801,40.7
R09802,12.2
R09810,23.5
R09812,21.0
R09813,16.3
R09823,11.3
R09828,17.6
R09829,24.4
R09833,10.1
R09838,6.2
R09839,21.5
R09840,13.4
R09846,27.9
R09850,22.7
R09861,17.7
R09864,13.8
R09869,19.1
R09874,41.0
R09875,19.8
R09877,40.1
R09879,13.6
R09880,12.1
R09885,21.1
R09886,12.0
R09890,19.8
R09893,19.5
R09900,20.0
R09903,9.3
R09904,25.9
R09906,24.0
R09908,12.4
R09913,20.8
R09918,20.3
R09919,21.6
R09928,28.9
R09929,21.6
R09932,6.9
R09937,16.6
R09941,17.1
R09942,28.9
R09945,95.2
R09947,17.6
R09948,12.2
R09954,61.6
R09957,19.1
R09958,22.4
R09960,13.9
R09964,11.6
R09965,12.0
R09967,22.4
R09971,19.1
R09973,22.0
R09980,12.4
R09983,14.3
R09984,19.1
R09987,29.3
R09988,20.5
R09993,19.7
R09994,24.4
R09998,34.0
R10003,14.5
R10004,22.2
R10008,23.1
R10010,18.0
R10015,21.9
R10017,8.7
R10022,36.1
R10023,9.5
R10025,7.2
R10027,10.8
R10029,19.2
R10030,21.2
R10031,22.3
R10032,22.7
R10033,8.9
R10036,21.4
R10044,7.5
R10047,17.3
R10052,18.1
R10053,19.4
R10055,19.8
R10061,23.9
R10062,22.0
R10065,32.6
R10066,94.3
R10073,19.9
R10074,23.2
R10075,62.2
R10076,22.4
R10080,21.6
R10082,20.0
R10083,25.0
R10086,31.1
R10088,19.4
R10092,10.9
R10093,9.9
R10096,20.2
R10097,20.1
R10098,21.5
R10099,21.5
R10100,21.9
R10101,8.9
R10102,11.0
R10103,13.5
R10104,18.1
R10105,16.2
R10106,26.1
R10109,33.8
R10110,20.0
R10112,21.2
R10115,13.4
R10121,11.0
R10128,77.4
R10136,22.7
R10139,23.6
R10141,21.6
R10142,21.7
R10143,23.7
R10144,21.6
R10145,7.1
R10146,7.7
R10147,24.0
R10151,22.0
R10152,33.2
R10160,23.2
R10161,79.3
R10163,19.2
R10165,92.3
R10168,12.0
R10169,19.3
R10170,22.4
R10172,16.9
R10174,19.7
R10178,9.2
R10179,11.3
R10181,23.5
R10184,92.3
R10185,25.5
R10191,20.3
R10195,69.9
R10196,39.0
R10197,19.5
R10199,19.9
R10202,21.9
R10203,21.3
R10204,8.0
R10207,21.2
R10210,21.5
R10211,43.3
R10212,20.3
R10220,10.6
R10222,22.5
R10223,19.8
R10224,21.1
R10226,16.6
R10228,19.6
R10229,7.7
R10232,11.8
R10233,12.9
R10239,50.0
R10241,19.5
R10244,22.0
R10246,26.3
R10247,6.1
R10250,15.7
R10259,47.7
R10261,16.3
R10263,27.6
R10269,9.2
R10270,8.3
R10271,5.2
R10273,9.0
R10277,15.0
R10280,11.9
R10281,18.8
R10282,94.8
R10289,26.2
R10292,23.6
R10293,20.3
R10294,18.6
R10306,19.0
R10311,16.1
R10313,21.5
R10317,94.5
R10318,27.5
R10321,16.6
R10326,16.0
R10329,21.4
R10335,24.6
R10336,23.5
R10339,16.4
R10341,15.8
R10342,98.9
R10345,16.9
R10346,12.6
R10348,17.6
R10349,11.0
R10350,9.0
R10353,21.8
R10354,22.2
R10361,94.1
R10363,21.8
R10364,78.9
R10366,73.4
R10373,23.2
R10374,21.6
R10377,62.1
R10381,20.6
R10382,91.4
R10387,14.1
R10389,22.3
R10390,19.7
R10391,22.1
R10396,96.3
R10398,21.6
R10399,27.4
R10400,27.8
R10401,20.7
R10402,24.1
R10405,20.2
R10408,42.1
R10409,6.6
R10410,10.3
R10417,95.9
R10420,19.6
R10422,8.8
R10434,24.1
R10435,22.1
R10436,20.9
R10437,24.2
R10439,35.3
R10440,24.1
R10442,5.6
R10445,92.1
R10449,28.5
R10453,32.4
R10456,15.9
R10461,22.8
R10465,21.0
R10468,16.4
R10470,37.3
R10474,21.3
R10478,92.1
R10479,22.9
R10481,16.9
R10487,98.5
R10491,9.6
R10492,17.7
R10496,23.8
R10498,10.5
R10499,7.9
R10503,19.6
R10504,23.2
R10509,23.5
R10513,19.5
R10518,14.4
R10519,8.1
R10520,6.7
R10521,6.8
R10522,94.3
R10523,22.6
R10524,22.2
R10525,20.5
R10527,98.5
R10529,8.9
R10530,12.5
R10533,16.8
R10543,15.6
R10544,21.9
R10546,10.7
R10554,15.7
R10556,19.8
R10559,7.5
R10560,12.6
R10564,24.0
R10569,28.2
R10574,17.3
R10580,19.1
R10583,10.0
R10586,95.0
R10587,93.3
R10589,23.9
R10590,23.2
R10593,12.4
R10594,49.8
R10596,6.5
R10597,21.6
R10603,12.4
R10604,23.5
R10620,16.1
R10622,17.0
R10625,23.6
R10626,10.7
R10628,24.1
R10629,21.3
R10630,29.4
R10631,62.0
R10632,23.0
R10633,24.1
R10634,21.5
R10636,40.2
R10639,9.2
R10640,93.5
R10641,25.2
R10642,21.5
R10644,10.0
R10646,19.5
R10649,55.9
R10650,14.1
R10656,93.3
R10660,97.9
R10665,19.9
R10666,93.4
R10667,18.2
R10668,20.3
R10670,15.7
R10672,12.6
R10673,18.5
R10675,10.7
R10679,19.3
R10681,17.2
R10682,25.0
R10684,19.4
R10686,93.2
R10688,33.9
R10689,32.3
R10693,7.5
R10694,24.1
R10698,21.3
R10700,85.1
R10704,22.0
R10708,22.0
R10712,19.7
R10715,93.2
R10716,21.3
R10717,9.7
R10721,20.1
R10722,19.4
R10723,21.6
R10724,13.9
R10730,13.9
R10731,15.8
R10735,15.1
R10738,20.6
R10741,21.7
R10742,21.7
R10743,22.3
R10746,98.8
R10748,9.4
R10751,26.5
R10754,20.3
R10761,93.0
R10764,18.8
R10768,11.1
R10769,21.1
R10770,26.5
R10775,23.6
R10777,13.2
R10790,10.4
R10791,20.8
R10797,26.9
R10800,24.3
R10801,22.8
R10802,24.2
R10803,21.6
R10804,20.6
R10805,21.5
R10806,20.6
R10807,20.9
R10808,25.8
R10809,27.2
R10810,26.5
R10811,23.6
R10812,27.2
R10813,23.2
R10814,23.7
R10815,27.0
R10816,26.5
R10817,27.9
R10818,21.0
R10819,5.0
R10820,100.6
R10822,22.5
R10823,28.6
R10824,24.4
R10825,22.5
R10826,97.7
R10827,7.8
R10829,27.9
R10834,26.9
R10839,22.6
R10842,8.2
R10844,26.4
R10845,19.8
R10847,23.1
R10850,23.3
R10855,23.3
R10856,20.6
R10861,63.0
R10862,23.1
R10863,62.2
R10865,24.1
R10866,100.8
R10867,100.7
R10868,12.5
R10869,25.9
R10870,93.2
R10871,95.0
R10874,8.0
R10875,18.5
R10879,8.3
R10881,6.2
R10882,22.5
R10884,13.1
R10895,7.5
R10896,22.9
R10898,14.4
R10901,12.8
R10906,12.6
R10907,15.8
R10908,29.9
R10909,94.4
R10918,3.9
R10919,9.8
R10922,22.1
R10923,18.5
R10924,20.4
R10925,22.7
R10926,21.8
R10928,79.6
R10929,93.8
R10935,32.5
R10943,23.6
R10945,24.5
R10948,18.3
R10949,16.4
R10950,5.4
R10951,5.0
R10952,94.0
R10953,22.0
R10954,25.4
R10961,19.0
R10962,21.0
R10964,30.7
R10969,93.7
R10970,17.3
R10972,19.5
R10979,96.4
R10981,21.8
R10985,8.0
R10986,22.8
R10987,25.3
R10990,12.1
R10991,88.5
R10994,22.1
R10997,21.0
R10999,18.3
R11000,33.8
R11001,32.2
R11005,23.8
R11008,13.5
R11010,23.1
R11013,23.0
R11014,23.9
R11015,27.4
R11017,22.5
R11019,46.3
R11021,19.4
R11022,24.5
R11023,22.6
R11024,6.8
R11028,82.9
R11031,26.8
R11033,11.8
R11035,95.2
R11039,13.0
R11040,23.2
R11045,24.6
R11047,97.3
R11048,15.8
R11049,18.3
R11050,21.2
R11052,4.4
R11054,19.5
R11058,94.2
R11059,11.8
R11065,21.1
R11067,67.6
R11070,14.5
R11071,17.2
R11072,19.2
R11073,19.5
R11074,19.0
R11075,16.5
R11077,21.5
R11079,21.6
R11081,95.6
R11083,7.1
R11086,23.3
R11091,27.8
R11096,96.2
R11100,39.0
R11102,30.7
R11104,22.4
R11105,22.3
R11106,16.1
R11110,22.6
R11112,21.3
R11113,17.8
R11114,96.3
R11115,17.6
R11118,8.7
R11119,8.7
R11120,5.5
R11122,87.4
R11123,23.3
R11127,19.5
R11129,25.9
R11136,24.9
R11141,22.4
R11142,21.2
R11145,15.7
R11147,8.6
R11148,3.9
R11153,30.7
R11156,14.5
R11157,8.4
R11158,10.0
R11159,57.8
R11160,26.1
R11162,19.0
R11163,23.1
R11165,77.5
R11166,22.0
R11169,96.3
R11173,20.6
R11179,11.1
R11182,23.9
R11183,21.4
R11188,24.7
R11189,8.3
R11190,26.0
R11191,24.8
R11192,21.8
R11194,22.8
R11201,11.6
R11202,94.1
R11204,18.9
R11206,80.4
R11211,27.1
R11212,26.2
R11216,26.2
R11218,17.0
R11220,95.7
R11233,68.0
R11243,6.4
R11245,93.1
R11246,100.1
R11247,87.9
R11251,6.2
R11252,24.0
R11254,5.1
R11257,31.3
R11260,22.3
R11263,16.5
R11267,15.0
R11270,50.5
R11271,21.1
R11272,92.9
R11274,19.7
R11276,27.1
R11277,20.5
R11281,18.5
R11284,26.0
R11286,29.3
R11287,95.6
R11289,62.9
R11291,24.9
R11293,14.7
R11294,8.3
R11295,7.7
R11297,20.4
R11299,88.0
R11301,18.5
R11304,16.8
R11305,21.1
R11306,21.4
R11307,28.5
R11309,28.4
R11310,87.6
R11311,6.4
R11316,99.1
R11317,11.7
R11320,13.9
R11322,95.9
R11324,5.8
R11325,12.4
R11329,21.5
R11333,12.5
R11336,7.6
R11339,4.1
R11340,22.8
R11342,23.4
R11345,19.3
R11346,6.2
R11347,85.8
R11350,21.3
R11351,20.5
R11356,32.3
R11361,29.7
R11363,24.5
R11364,21.2
R11372,58.4
R11374,33.2
R11376,13.8
R11378,5.7
R11379,9.6
R11382,54.4
R11386,10.9
R11387,99.7
R11390,51.3
R11397,26.8
R11398,15.8
R11399,23.0
R11403,23.1
R11404,20.8
R11407,26.6
R11415,24.4
R11420,99.7
R11421,93.3
R11422,13.6
R11431,82.4
R11432,24.4
R11434,86.7
R11436,8.4
R11439,10.2
R11444,52.9
R11455,22.3
R11456,23.2
R11457,22.9
R11458,79.0
R11459,15.7
R11461,11.1
R11463,24.6
R11464,22.1
R11468,24.6
R11469,8.9
R11485,19.6
R11486,34.3
R11487,24.8
R11489,20.9
R11491,86.2
R11492,13.6
R11495,78.6
R11496,20.5
R11499,23.6
R11500,22.6
R11502,63.4
R11503,29.9
R11504,23.0
R11505,21.1
R11506,89.5
R11507,13.5
R11510,13.2
R11514,34.4
R11516,8.3
R11520,10.2
R11527,23.8
R11529,26.1
R11531,16.7
R11534,6.8
R11537,23.3
R11542,107.0
R11551,22.9
R11554,23.7
R11558,76.3
R11561,8.0
R11564,85.4
R11565,8.0
R11567,21.4
R11571,24.2
R11576,19.2
R11577,13.9
R11578,25.1
R11579,48.8
R11581,18.3
R11582,21.6
R11584,8.9
R11585,56.4
R11590,91.2
R11592,23.2
R11602,74.2
R11603,29.7
R11606,10.1
R11612,20.3
R11613,8.6
R11614,87.4
R11621,23.1
R11623,23.9
R11624,25.0
R11625,28.2
R11626,24.2
R11629,67.5
R11630,39.4
R11631,8.6
R11632,7.8
R11633,8.2
R11634,15.7
R11638,120.3
R11640,21.9
R11643,22.9
R11646,9.1
R11647,13.2
R11648,85.1
R11650,99.9
R11651,9.6
R11654,60.9
R11655,35.4
R11658,22.1
R11661,23.3
R11669,156.2
R11671,85.8
R11673,6.7
R11674,11.6
R11677,21.3
R11678,24.9
R11679,23.0
R11680,21.5
R11682,8.6
R11684,38.8
R11687,21.2
R11688,5.8
R11689,10.2
R11695,16.4
R11702,19.2
R11708,26.6
R11709,74.4
R11710,84.0
R11716,98.3
R11718,9.5
R11720,10.7
R11723,9.4
R11725,30.1
R11728,98.9
R11729,6.6
R11731,21.1
R11733,33.8
R11734,33.2
R11735,22.6
R11739,14.9
R11740,16.8
R11741,22.6
R11742,10.3
R11745,29.8
R11746,115.9
R11747,100.0
R11750,63.6
R11751,14.4
R11756,51.6
R11758,12.9
R11760,33.8
R11764,8.1
R11769,24.4
R11771,17.6
R11774,58.4
R11775,115.9
R11776,20.1
R11777,100.5
R11778,27.4
R11779,24.6
R11781,10.8
R11782,6.1
R11786,21.1
R11787,26.6
R11788,11.8
R11794,19.1
R11797,95.0
R11798,7.3
R11799,15.2
R11800,73.3
R11802,24.0
R11803,24.3
R11814,66.0
R11816,5.0
R11818,25.0
R11820,20.4
R11821,8.7
R11823,27.4
R11825,10.1
R11828,18.6
R11829,67.0
R11831,10.2
R11832,8.4
R11833,9.7
R11834,104.7
R11837,27.8
R11838,39.1
R11841,14.3
R11846,27.2
R11847,35.0
R11849,24.4
R11850,27.2
R11851,10.3
R11852,50.5
R11856,37.8
R11857,52.4
R11859,99.7
R11866,15.0
R11867,6.9
R11868,33.2
R11870,23.1
R11874,23.0
R11875,29.9
R11877,30.1
R11878,25.3
R11879,25.6
R11882,17.1
R11884,82.3
R11885,14.2
R11887,22.6
R11891,19.9
R11893,20.8
R11900,24.6
R11907,45.4
R11910,12.3
R11913,26.3
R11914,15.1
R11921,5.2
R11922,19.5
R11926,5.6
R11929,20.0
R11933,7.2
R11935,34.9
R11936,34.9
R11939,14.8
R11943,26.7
R11944,16.7
R11949,12.3
R11952,95.0
R11953,99.5
R11954,99.5
R11957,21.6
R11958,118.3
R11959,25.8
R11969,20.8
R11973,5.3
R11975,37.5
R11980,19.8
R11983,8.6
R11985,24.5
R11988,99.2
R11990,100.3
R11995,21.9
R11997,26.1
R12001,35.0
R12002,41.8
R12003,27.0
R12004,29.7
R12009,9.3
R12014,21.3
R12021,23.4
R12023,81.5
R12024,22.9
R12025,24.3
R12035,25.1
R12036,71.6
R12037,30.6
R12041,23.6
R12044,32.6
R12046,14.2
R12047,58.3
R12048,33.1
R12052,22.3
R12060,26.3
R12061,17.1
R12065,17.9
R12069,7.6
R12071,29.5
R12072,25.8
R12075,17.8
R12076,39.7
R12078,23.5
R12081,8.7
R12085,100.2
R12086,96.9
R12087,18.8
R12089,12.2
R12091,8.6
R12092,31.1
R12094,5.2
R12095,7.2
R12098,23.9
R12099,74.9
R12106,80.4
R12107,8.0
R12110,24.0
R12111,6.1
R12113,32.7
R12117,29.6
R12118,90.5
R12122,86.0
R12126,18.3
R12128,60.5
R12130,72.5
R12131,66.4
R12133,21.2
R12135,9.3
R12136,21.6
R12137,28.6
R12138,28.3
R12139,24.4
R12140,100.7
R12141,31.2
R12142,20.6
R12144,26.1
R12149,34.1
R12156,83.4
R12160,76.8
R12162,29.0
R12172,84.6
R12174,10.0
R12181,9.7
R12182,14.3
R12183,38.2
R12184,16.3
R12185,80.4
R12187,59.1
R12189,14.4
R12190,25.2
R12191,100.7
R12200,31.5
R12206,74.4
R12207,23.7
R12208,21.8
R12210,23.9
R12211,28.8
R12212,27.2
R12217,23.6
R12219,73.6
R12220,19.7
R12221,22.5
R12222,28.2
R12224,116.7
R12226,101.3
R12228,26.9
R12230,24.7
R12232,8.0
R12233,21.2
R12234,13.4
R12236,23.9
R12238,21.1
R12245,96.0
R12249,24.2
R12250,77.7
R12252,17.4
R12255,7.2
R12256,7.4
R12258,101.1
R12265,29.6
R12266,12.5
R12267,24.4
R12269,11.4
R12271,28.0
R12272,42.1
R12274,15.6
R12275,93.8
R12278,80.3
R12280,14.1
R12285,77.6
R12288,33.1
R12289,19.7
R12291,18.8
R12293,27.4
R12298,25.3
R12299,27.5
R12300,91.9
R12304,25.4
R12306,18.6
R12308,26.1
R12310,56.5
R12313,24.5
R12315,30.3
R12324,14.4
R12326,19.6
R12327,21.8
R12328,34.1
R12329,9.0
R12330,74.7
R12334,22.5
R12336,31.4
R12339,31.2
R12341,23.4
R12345,111.4
R12346,29.6
R12349,19.2
R12350,43.0
R12351,25.7
R12354,28.3
R12355,16.0
R12358,20.0
R12359,99.3
R12360,86.8
R12364,58.7
R12368,17.7
R12369,16.2
R12371,17.0
R12372,7.2
R12374,24.8
R12378,13.2
R12395,95.4
R12396,23.0
R12397,99.5
R12410,110.5
R12411,64.3
R12412,33.0
R12414,26.0
R12420,24.0
R12422,28.4
R12424,7.6
R12428,28.4
R12432,25.1
R12433,25.9
R12436,15.2
R12437,13.6
R12438,18.2
R12441,30.3
R12448,4.3
R12451,13.9
R12453,39.8
R12460,24.5
R12461,18.9
R12464,27.8
R12465,31.4
R12477,120.6
R12480,20.4
R12481,6.2
R12482,23.0
R12491,8.5
R12496,9.5
R12497,6.5
R12499,80.7
R12503,145.4
R12511,11.7
R12519,24.7
R12520,100.0
R12521,62.8
R12527,31.2
R12533,76.2
R12549,16.3
R12553,43.6
R12560,32.5
R12563,99.2
R12564,13.2
R12568,20.4
R12582,142.1
R12583,22.8
R12585,20.6
R12587,15.9
R12591,25.0
R12592,26.4
R12596,20.0
R12597,39.4
R12600,12.0
R12605,9.4
R12607,7.3
R12608,100.1
R12611,23.4
R12625,27.0
R12627,11.3
R12628,20.5
R12632,11.7
R12640,24.2
R12644,23.9
R12649,16.1
R12652,29.8
R12654,96.0
R12655,9.0
R12656,23.4
R12658,20.3
R12660,49.6
R12661,23.7
R12668,22.0
R12672,24.1
R12682,31.7
R12687,20.6
R12691,99.8
R12701,6.5
R12707,26.6
R12708,29.7
R12715,28.2
R12720,89.7
R12721,34.3
R12731,21.1
R12732,17.1
R12745,20.9
R12746,31.2
R12747,24.7
R12753,25.4
R12755,25.9
R12759,7.3
R12760,27.6
R12770,6.0
R12773,5.6
R12779,14.6
R12785,28.5
R12788,19.3
R12799,10.1
R12801,31.4
R12822,99.5
R12823,24.4
R12833,6.1
R12837,21.2
R12838,16.2
R12841,28.8
R12848,9.7
R12849,5.9
R12850,6.1
R12857,5.4
R12861,67.6
R12865,5.2
R12873,46.8
R12876,18.8
R12880,29.5
R12891,13.2
R12897,6.5
R12898,9.3
R12899,13.6
R12917,28.9
R12927,38.0
R12928,34.5
R12934,29.8
R12942,11.6
R12949,24.9
R12951,24.7
R12956,71.6
R12962,39.6
R12963,22.2
R12971,7.1
R12985,5.1
R13001,28.2
R13003,9.1
R13010,42.4
R13013,25.5
R13014,21.5
R13016,5.6
R13025,51.8
R13027,43.1
R13032,25.5
R13046,67.5
R13054,11.2
R13060,15.9
R13062,10.5
R13068,21.0
R13069,19.7
R13070,52.0
R13071,106.2
R13077,18.3
R13079,100.5
R13088,27.8
R13090,8.6
R13092,28.4
R13094,23.6
R13105,39.0
R13107,9.4
R13109,30.4
R13111,47.0
R13112,52.5
R13114,18.7
R13115,31.0
R13116,22.6
R13118,23.5
R13119,56.4
R13121,99.5
R13123,2.6
R13124,32.8
R13130,42.9
R13131,19.9
R13133,28.4
R13137,5.9
R13138,9.3
R13141,11.5
R13148,9.7
R13152,21.7
R13154,21.4
R13155,21.5
R13165,48.5
R13166,14.6
R13167,28.9
R13169,24.0
R13173,34.6
R13183,28.3
R13185,38.2
R13187,28.4
R13191,53.8
R13194,8.5
R13198,23.3
R13199,45.3
R13202,100.0
R13204,26.0
R13210,9.8
R13212,36.0
R13214,22.6
R13218,85.6
R13219,24.6
R13220,26.7
R13224,42.3
R13228,11.5
R13229,22.6
R13234,52.6
R13237,13.2
R13242,25.5
R13243,6.0
R13246,8.4
R13247,22.9
R13253,31.1
R13254,29.2
R13255,33.4
R13258,52.1
R13261,27.5
R13262,31.4
R13263,31.5
R13264,25.4
R13266,31.2
R13273,26.0
R13274,25.8
R13279,9.4
R13282,18.4
R13283,19.2
R13284,24.0
R13285,26.2
R13290,23.2
R13294,30.0
R13298,23.1
R13301,7.3
R13305,99.3
R13306,99.5
R13307,35.4
R13312,19.7
R13313,27.9
R13315,30.0
R13316,45.0
R13319,21.8
R13320,18.3
R13321,33.9
R13327,29.1
R13329,29.0
R13331,34.0
R13333,26.0
R13334,52.2
R13338,31.0
R13342,22.3
R13351,18.0
R13353,8.0
R13355,29.6
R13365,16.7
R13366,27.8
R13367,33.4
R13373,28.3
R13374,25.1
R13375,24.3
R13377,93.4
R13378,95.6
R13380,25.1
R13381,35.3
R13383,28.6
R13386,29.6
R13388,51.6
R13389,23.5
R13394,33.1
R13396,26.0
R13397,28.5
R13401,26.5
R13402,27.2
R13403,11.0
R13404,42.8
R13409,24.4
R13410,89.3
R13412,29.0
R13418,14.4
R13419,9.8
R13422,31.7
R13431,28.3
R13439,28.6
R13441,30.7
R13442,54.0
R13443,22.4
R13447,9.4
R13450,60.0
R13467,23.3
R13468,33.5
R13470,25.7
R13471,28.5
R13472,31.3
R13473,31.0
R13474,29.2
R13475,29.3
R13477,90.9
R13478,96.0
R13479,44.6
R13486,26.2
R13489,30.3
R13492,9.9
R13493,27.7
R13496,25.7
R13497,28.7
R13503,48.0
R13511,24.0
R13512,31.0
R13514,71.1
R13518,20.7
R13520,31.0
R13522,50.5
R13526,9.5
R13527,17.2
R13528,12.6
R13530,34.7
R13535,7.7
R13536,99.5
R13539,24.2
R13541,23.8
R13542,30.8
R13543,28.2
R13546,25.2
R13547,45.3
R13548,18.6
R13556,5.5
R13557,94.6
R13558,26.0
R13560,14.9
R13565,21.1
R13567,20.1
R13568,33.2
R13571,12.7
R13573,11.6
R13574,27.9
R13578,29.8
R13580,60.2
R13584,15.4
R13585,22.6
R13589,23.8
R13593,14.3
R13594,21.0
R13599,33.7
R13604,22.9
R13607,28.1
R13611,13.4
R13612,28.5
R13618,29.6
R13622,15.4
R13624,24.3
R13628,22.2
R13636,18.9
R13637,51.9
R13639,29.7
R13640,7.8
R13641,7.6
R13643,13.0
R13644,25.3
R13648,68.9
R13650,27.5
R13651,28.7
R13655,23.4
R13658,28.7
R13665,27.1
R13666,28.2
R13669,56.9
R13671,22.7
R13674,24.6
R13675,100.1
R13676,31.2
R13677,44.9
R13678,29.1
R13681,28.3
R13684,26.5
R13685,22.3
R13688,65.9
R13690,13.7
R13692,17.3
R13693,22.5
R13694,43.6
R13695,30.2
R13696,23.5
R13698,23.3
R13703,32.8
R13704,21.2
R13725,8.5
R13732,14.3
R13733,76.3
R13735,13.0
R13736,32.3
R13737,25.6
R13743,32.3
R13746,25.2
R13748,38.7
R13752,101.2
R13755,5.2
R13757,95.0
R13761,25.8
R13762,23.8
R13766,26.0
R13770,27.8
R13773,16.1
R13776,37.4
R13777,18.2
R13778,27.9
R13779,26.6
R13781,8.0
R13788,28.0
R13789,32.4
R13790,29.0
R13791,30.4
R13792,45.9
R13799,7.2
R13801,47.6
R13814,78.4
R13816,28.0
R13817,30.1
R13821,26.2
R13822,34.6
R13824,16.0
R13825,24.4
R13826,28.7
R13827,12.0
R13834,24.7
R13835,14.9
R13836,34.0
R13838,72.7
R13841,44.1
R13843,17.1
R13848,6.3
R13849,26.4
R13853,58.5
R13854,24.5
R13860,9.9
R13865,20.3
R13869,87.6
R13874,28.7
R13875,36.0
R13876,27.0
R13877,3.0
R13883,20.1
R13884,31.0
R13886,27.1
R13888,23.2
R13891,29.4
R13892,29.5
R13893,28.9
R13895,27.1
R13896,10.2
R13897,27.5
R13903,24.8
R13907,15.8
R13909,100.0
R13914,99.8
R13916,24.2
R13921,98.9
R13922,25.4
R13931,34.6
R13933,9.0
R13934,33.7
R13937,29.6
R13938,49.5
R13940,92.0
R13941,30.1
R13942,97.4
R13946,32.9
R13947,17.5
R13951,28.8
R13954,19.9
R13966,25.4
R13970,14.9
R13971,34.0
R13972,24.6
R13973,15.4
R13975,44.1
R13976,30.1
R13977,22.6
R13983,10.5
R13987,29.7
R13989,7.7
R13990,45.8
R13993,9.1
R13999,95.6
R14003,13.6
R14004,26.7
R14005,25.0
R14014,19.1
R14024,23.3
R14028,100.8
R14034,57.4
R14035,35.2
R14036,32.8
R14037,28.5
R14041,27.9
R14049,29.9
R14051,40.6
R14056,61.2
R14059,36.1
R14065,32.6
R14073,54.8
R14083,25.7
R14086,28.8
R14087,29.6
R14089,5.2
R14090,3.4
R14092,22.9
R14094,5.4
R14095,17.1
R14096,33.3
R14097,25.6
R14100,8.0
R14101,26.7
R14103,27.8
R14104,22.4
R14106,29.6
R14107,21.8
R14108,29.5
R14112,25.3
R14113,34.3
R14114,47.9
R14117,30.7
R14122,36.1
R14126,48.0
R14130,28.2
R14132,28.4
R14135,38.5
R14139,16.7
R14141,37.1
R14142,28.2
R14146,54.1
R14148,44.0
R14149,25.3
R14150,25.2
R14156,26.0
R14157,28.2
R14158,77.1
R14160,28.5
R14161,30.7
R14163,24.9
R14168,38.3
R14171,36.9
R14174,44.4
R14176,30.5
R14178,34.2
R14179,26.7
R14182,150.5
R14186,33.0
R14187,29.7
R14191,31.7
R14194,32.3
R14195,33.6
R14200,29.9
R14204,27.2
R14205,26.2
R14209,28.8
R14214,99.4
R14223,100.5
R14224,23.5
R14225,4.8
R14226,7.3
R14227,7.5
R14230,100.9
R14232,29.1
R14235,28.0
R14237,67.2
R14240,16.7
R14242,25.2
R14245,11.2
R14247,43.4
R14249,24.1
R14251,20.3
R14255,86.1
R14257,63.1
R14258,48.7
R14263,30.8
R14265,27.6
R14268,54.9
R14278,26.1
R14285,33.7
R14287,22.9
R14288,24.3
R14289,43.3
R14290,14.1
R14295,32.0
R14308,31.0
R14309,32.8
R14313,54.2
R14317,35.8
R14318,36.9
R14319,43.8
R14320,46.2
R14321,37.6
R14323,30.7
R14330,30.5
R14337,25.3
R14349,61.1
R14352,49.7
R14353,100.0
R14360,43.1
R14362,29.3
R14364,25.1
R14365,28.1
R14366,48.1
R14367,32.6
R14368,32.6
R14372,29.4
R14374,25.2
R14382,25.2
R14386,15.5
R14388,17.4
R14389,29.3
R14390,30.6
R14391,31.2
R14392,30.9
R14403,14.9
R14409,27.4
R14413,22.6
R14414,25.7
R14415,23.7
R14422,33.7
R14423,19.2
R14427,27.1
R14429,39.1
R14433,18.2
R14436,9.7
R14439,61.5
R14440,24.0
R14442,25.9
R14461,27.5
R14462,26.5
R14464,26.7
R14474,23.8
R14475,11.6
R14478,42.0
R14482,6.9
R14484,25.5
R14485,23.0
R14486,31.7
R14488,34.1
R14495,29.9
R14503,24.0
R14513,8.2
R14514,28.8
R14516,32.3
R14518,20.2
R14519,58.8
R14523,18.2
R14528,73.7
R14529,60.9
R14533,36.9
R14534,29.7
R14540,22.9
R14541,24.4
R14543,27.3
R14546,53.8
R14547,52.4
R14551,38.6
R14553,31.1
R14558,28.2
R14559,20.4
R14560,32.8
R14563,20.5
R14567,49.9
R14575,69.3
R14577,37.8
R14582,6.3
R14583,22.6
R14587,50.4
R14589,28.8
R14592,22.9
R14594,29.8
R14598,29.7
R14600,27.5
R14602,11.8
R14603,27.8
R14606,100.0
R14607,37.7
R14608,29.4
R14609,30.6
R14610,30.3
R14611,73.6
R14615,7.5
R14622,39.2
R14623,44.2
R14625,44.0
R14630,24.3
R14635,16.2
R14636,35.8
R14638,70.0
R14647,61.2
R14651,33.3
R14652,32.5
R14661,31.9
R14663,23.9
R14669,26.6
R14670,47.9
R14673,10.9
R14674,30.0
R14675,8.2
R14677,29.3
R14678,28.1
R14680,75.5
R14684,37.1
R14692,6.6
R14694,42.0
R14696,35.7
R14705,14.3
R14710,9.9
R14713,63.2
R14723,25.4
R14724,29.2
R14732,24.0
R14733,28.6
R14734,28.3
R14739,23.1
R14748,31.1
R14750,22.6
R14751,16.3
R14758,39.6
R14761,6.3
R14762,25.7
R14765,49.6
R14767,38.2
R14769,28.9
R14770,25.7
R14773,25.4
R14776,30.9
R14777,29.3
R14782,40.1
R14785,25.3
R14787,51.5
R14789,13.2
R14791,27.5
R14795,32.0
R14796,14.4
R14798,32.6
R14799,46.5
R14807,27.2
R14808,13.0
R14809,26.8
R14812,6.8
R14813,54.9
R14815,19.8
R14819,63.3
R14825,68.8
R14834,7.1
R14835,21.9
R14843,6.7
R14846,22.2
R14847,25.7
R14862,37.0
R14863,36.4
R14869,31.4
R14870,30.5
R14879,25.5
R14880,31.9
R14881,81.4
R14883,7.7
R14886,19.0
R14887,24.8
R14888,77.1
R14892,26.2
R14896,25.2
R14898,25.3
R14909,37.7
R14915,6.6
R14921,36.0
R14929,35.6
R14935,36.5
R14936,29.6
R14939,42.2
R14940,38.4
R14941,28.4
R14947,22.6
R14950,54.3
R14958,26.9
R14971,31.3
R14972,41.0
R14981,21.9
R14992,43.9
R15001,25.1
R15024,28.8
R15028,29.0
R15036,19.2
R15040,29.8
R15057,48.7
R15058,28.4
R15066,42.8
R15070,29.3
R15083,29.8
R15087,29.9
R15093,35.0
R15106,46.4
R15119,19.0
R15137,21.9
R15148,5.0
R15152,24.2
R15154,33.8
R15169,83.5
R15183,6.5
R15199,20.2
R15215,28.0
R15245,7.1
R15257,46.8
R15267,13.1
R15268,18.8
R15278,22.0
